<?xml version="1.0"?>
<window type="window" id="14000">
    <defaultcontrol always="true">500</defaultcontrol>
    <onload lang="python"><![CDATA[ 
import mc

item = mc.ListItem(mc.ListItem.MEDIA_AUDIO_RADIO)

item.SetPath('http://mp3.streampower.be/stubru-high.mp3')
item.SetLabel('Studio Brussel audio stream (hq)')
item.SetDescription('Studio Brussel audio stream (hq)')

player = mc.GetPlayer()
player.Play(item)

]]></onload>
    <allowoverlay>true</allowoverlay>
    <controls>
        <include>Common_Background</include>
        <include>Bottom_Feather</include>
        <include>Common_Status</include>

	<control type="image" id="100">
	    <description>Soundcloud Logo</description>
	    <posx>0</posx>
	    <posy>00</posy>
	    <width>250</width>
	    <height>250</height>
	    <colordiffuse>FF88FFFF</colordiffuse>
	    <fadetime>200</fadetime>
	    <texture border="5" flipY="true" flipX="false">logo.png</texture>
	    <aspectratio>keep</aspectratio>
	</control>

    </controls>
</window>