<?xml version="1.0"?>
<window type="dialog" id="14003">
	<defaultcontrol>9100</defaultcontrol>
	<coordinates>
		<system>1</system>
		<posx>240</posx>
		<posy>135</posy>
	</coordinates>
	<include>dialogeffect</include>
	<onload lang="python"><![CDATA[
import vrtplayer
vrtplayer.showQuality()
]]></onload>
	<controls>
		<control type="image">
			<description>background image</description>
			<posx>0</posx>
			<posy>0</posy>
			<width>800</width>
			<height>450</height>
			<aspectratio>stretch</aspectratio>
			<texture>dialog.png</texture>
		</control>

		<control type="image" id="1000">
			<description>VRT Logo</description>
			<posx>20</posx>
			<posy>50</posy>
			<width>89</width>
			<height>47</height>
			<texture border="5" flipY="true" flipX="false">logo.png</texture>
			<aspectratio>keep</aspectratio>
		</control>

		<control type="label" id="1100">
			<description>Label</description>
			<posx>240</posx>
			<posy>20</posy>
			<width>540</width>
			<height>50</height>
			<font>font40b</font>
			<align>left</align>
			<aligny>center</aligny>
			<label>Vrt Internetradio - Options</label>
			<textcolor>white</textcolor>
		</control>

		<control type="label" id="1200">
			<description>Label</description>
			<posx>240</posx>
			<posy>80</posy>
			<width>540</width>
			<height>20</height>
			<font>font16b</font>
			<align>left</align>
			<aligny>center</aligny>
			<label>Choose the quality for the radiostreams:</label>
			<textcolor>white</textcolor>
		</control>


		<control type="grouplist" id="9000">
			<animation>
				<effect type="fade" start="100" end="60" time="200"/>
			</animation>
			<posx>240</posx>
			<posy>140</posy>
			<width>500</width>
			<height>550</height>
			<itemgap>2</itemgap>
			<orientation>vertical</orientation>
			<usecontrolcoords>false</usecontrolcoords>
			<onleft>-</onleft>
			<onright>-</onright>
			<onup>-</onup>
			<ondown>5100</ondown>


			<control type="togglebutton" id="9100">
			   <width>220</width>
			   <height>40</height>
			   <onleft>-</onleft>
			   <onright>-</onright>
			   <onup>-</onup>
			   <ondown>9200</ondown>
			   <label>Low</label>
			   <altlabel>Low</altlabel>
			   <font>light23b</font>
			   <textcolor>grey</textcolor>
			   <focusedcolor>white</focusedcolor>
			   <texturenofocus>button_option_menu_unchecked_no.png</texturenofocus>
			   <texturefocus>button_option_menu_unchecked.png</texturefocus>
			   <alttexturefocus>button_option_menu_checked_on.png</alttexturefocus>
			   <alttexturenofocus>button_option_menu_checked.png</alttexturenofocus>
			   <onclick lang="python"><![CDATA[
import vrtplayer
vrtplayer.selectQuality('low')
]]></onclick>
			   <altclick lang="python"><![CDATA[
import vrtplayer
vrtplayer.selectQuality('low')
]]></altclick>
			</control>


			<control type="togglebutton" id="9200">
			   <width>220</width>
			   <height>40</height>
			   <onleft>-</onleft>
			   <onright>-</onright>
			   <onup>9100</onup>
			   <ondown>9300</ondown>
			   <label>Medium</label>
			   <altlabel>Medium</altlabel>
			   <font>light23b</font>
			   <textcolor>grey</textcolor>
			   <focusedcolor>white</focusedcolor>
			   <texturenofocus>button_option_menu_unchecked_no.png</texturenofocus>
			   <texturefocus>button_option_menu_unchecked.png</texturefocus>
			   <alttexturefocus>button_option_menu_checked_on.png</alttexturefocus>
			   <alttexturenofocus>button_option_menu_checked.png</alttexturenofocus>
			   <onclick lang="python"><![CDATA[
import vrtplayer
vrtplayer.selectQuality('mid')
]]></onclick>
			   <altclick lang="python"><![CDATA[
import vrtplayer
vrtplayer.selectQuality('mid')
]]></altclick>
			</control>


			<control type="togglebutton" id="9300">
			   <width>220</width>
			   <height>40</height>
			   <onleft>-</onleft>
			   <onright>-</onright>
			   <onup>9200</onup>
			   <ondown>5100</ondown>
			   <label>High</label>
			   <altlabel>High</altlabel>
			   <font>light23b</font>
			   <textcolor>grey</textcolor>
			   <focusedcolor>white</focusedcolor>
			   <texturenofocus>button_option_menu_unchecked_no.png</texturenofocus>
			   <texturefocus>button_option_menu_unchecked.png</texturefocus>
			   <alttexturefocus>button_option_menu_checked_on.png</alttexturefocus>
			   <alttexturenofocus>button_option_menu_checked.png</alttexturenofocus>
			   <onclick lang="python"><![CDATA[
import vrtplayer
vrtplayer.selectQuality('high')
]]></onclick>
			   <altclick lang="python"><![CDATA[
import vrtplayer
vrtplayer.selectQuality('high')
]]></altclick>
			</control>

		</control>

		<control type="button" id="5100">
			<description>Cancel button</description>
			<posx>480</posx>
			<posy>370</posy>
			<width>300</width>
			<height>54</height>
			<onleft>-</onleft>
			<onright>-</onright>
			<onup>9300</onup>
			<ondown>-</ondown>
			<font>font20b</font>
			<align>center</align>
			<aligny>center</aligny>
			<label>Back</label>
			<textcolor>grey</textcolor>
			<focusedcolor>white</focusedcolor>
			<aspectratio>stretch</aspectratio>
			<texturenofocus border="20">button_action_menu_source.png</texturenofocus>
			<texturefocus border="20">button_action_menu_source_on.png</texturefocus>
			<textureclick border="20">button_action_menu_source_click.png</textureclick>
			<onclick>Dialog.Close(14003)</onclick>
		</control>

	</controls>
</window>