<?xml version="1.0"?>
<window type="dialog" id="14001">
	<defaultcontrol>5000</defaultcontrol>
	<coordinates>
		<system>1</system>
		<posx>240</posx>
		<posy>135</posy>
	</coordinates>
	<include>dialogeffect</include>
	<onload lang="python"><![CDATA[
import mc, vrtplayer

def inits():
	vrtplayer.selectStation()

inits()
]]></onload>
	<controls>
		<control type="image">
			<description>background image</description>
			<posx>0</posx>
			<posy>0</posy>
			<width>800</width>
			<height>450</height>
			<aspectratio>stretch</aspectratio>
			<texture>dialog.png</texture>
		</control>

		<control type="image" id="2400">
			<description>Station Logo</description>
			<posx>30</posx>
			<posy>20</posy>
			<width>180</width>
			<height>180</height>
			<aspectratio>stretch</aspectratio>
			<texture></texture>
		</control>

		<control type="label" id="2500">
			<description>Station name</description>
			<posx>240</posx>
			<posy>20</posy>
			<width>540</width>
			<height>50</height>
			<font>font40b</font>
			<align>left</align>
			<aligny>center</aligny>
			<label></label>
			<textcolor>white</textcolor>
		</control>

		<control type="textbox" id="2600">
			<posx>20</posx>
			<posy>220</posy>
			<width>200</width>
			<height>204</height>
			<font>font8</font>
			<aligny>top</aligny>
			<align>left</align>
			<label></label>
			<autoscroll delay="2000" time="1500" repeat="4000">True</autoscroll>
		</control>

		<control type="label" id="2800">
			<description>select station</description>
			<posx>230</posx>
			<posy>90</posy>
			<width>730</width>
			<height>30</height>
			<font>font20b</font>
			<align>left</align>
			<aligny>center</aligny>
			<label>Selecteer een radiostation</label>
			<textcolor>white</textcolor>
		</control>

		<control type="list" id="5000">
			<description>station list</description>
			<posx>230</posx>
			<posy>120</posy>
			<width>730</width>
			<height>250</height>
			<visible>true</visible>
			<onup>-</onup>
			<ondown>1000</ondown>
			<onleft>-</onleft>
			<onright>-</onright>
			<pagecontrol>25</pagecontrol>
			<scrolltime>200</scrolltime>
			<viewtype label="3D list">list</viewtype>
			<orientation>vertical</orientation>

			<itemlayout width="400" height="30">
				<control type="image">
					<posx>0</posx>
					<posy>5</posy>
					<height>40</height>
					<width>40</width>
					<info>ListItem.Icon</info>
				</control>

				<control type="label">
					<posx>32</posx>
					<posy>0</posy>
					<width>400</width>
					<height>30</height>
					<info>ListItem.Label</info>
					<textcolor>grey</textcolor>
				</control>
			</itemlayout>

			<focusedlayout width="400" height="30">
				<control type="image">
					<posx>0</posx>
					<posy>5</posy>
					<height>40</height>
					<width>40</width>
					<info>ListItem.Icon</info>
				</control>
				
				<control type="label">
					<posx>32</posx>
					<posy>0</posy>
					<width>400</width>
					<height>30</height>
					<info>ListItem.Label</info>
					<textcolor>white</textcolor>
				</control>
			</focusedlayout>
			<content type="action">
				<onclick lang="python">
<![CDATA[
import vrtplayer
vrtplayer.startPlaying()
]]>
				</onclick>
			</content>
		</control>


		<control type="button" id="1000">
			<description>Cancel button</description>
			<posx>480</posx>
			<posy>370</posy>
			<width>300</width>
			<height>54</height>
			<onleft>-</onleft>
			<onright>-</onright>
			<onup>5000</onup>
			<ondown>-</ondown>
			<font>font20b</font>
			<align>center</align>
			<aligny>center</aligny>
			<label>Cancel</label>
			<textcolor>grey</textcolor>
			<focusedcolor>white</focusedcolor>
			<texturenofocus border="20">button_action_menu_source.png</texturenofocus>
			<texturefocus border="20">button_action_menu_source_on.png</texturefocus>
			<textureclick border="20">button_action_menu_source_click.png</textureclick>
			<onclick>Dialog.Close(14001)</onclick>
		</control>

	</controls>
</window>