<?xml version="1.0"?>
<window type="dialog" id="14002">
	<defaultcontrol>5000</defaultcontrol>
	<coordinates>
		<system>1</system>
		<posx>240</posx>
		<posy>135</posy>
	</coordinates>
	<include>dialogeffect</include>
	<controls>
		<control type="image">
			<description>background image</description>
			<posx>0</posx>
			<posy>0</posy>
			<width>800</width>
			<height>450</height>
			<aspectratio>stretch</aspectratio>
			<texture>dialog.png</texture>
		</control>

		<control type="image" id="1000">
			<description>VRT Logo</description>
			<posx>20</posx>
			<posy>50</posy>
			<width>89</width>
			<height>47</height>
			<texture border="5" flipY="true" flipX="false">logo.png</texture>
			<aspectratio>keep</aspectratio>
		</control>

		<control type="label" id="1100">
			<description>Label</description>
			<posx>240</posx>
			<posy>20</posy>
			<width>540</width>
			<height>50</height>
			<font>font40b</font>
			<align>left</align>
			<aligny>center</aligny>
			<label>Vrt Internetradio</label>
			<textcolor>white</textcolor>
		</control>

		<control type="textbox" id="2000">
			<posx>240</posx>
			<posy>80</posy>
			<width>520</width>
			<height>280</height>
			<font>font8</font>
			<aligny>top</aligny>
			<align>left</align>
			<label>[B]About the plugin:[/B]
This plugin was developed to bring internet radio from the Flanders (Belgium) to Boxee.
The plugin is free, open-source and was developed without commercial interest and the author takes no responsibility whatsoever.


[B]About the data:[/B]
The links to the streams come from http://internetradio.vrt.be/dab/hoeluisteren/pc/help/Links_streams.html.
Logos and information about the radiostions were found with Google and Wikipedia.

[B]About the author:[/B]
Klaas Cuvelier is a web developer from Ghent.
More info on http://www.cuvedev.net
</label>
			<autoscroll delay="2000" time="1500" repeat="4000">True</autoscroll>
		</control>

		<control type="button" id="5000">
			<description>Cancel button</description>
			<posx>480</posx>
			<posy>370</posy>
			<width>300</width>
			<height>54</height>
			<onleft>-</onleft>
			<onright>-</onright>
			<onup>5000</onup>
			<ondown>-</ondown>
			<font>font20b</font>
			<align>center</align>
			<aligny>center</aligny>
			<label>Back</label>
			<textcolor>grey</textcolor>
			<focusedcolor>white</focusedcolor>
			<texturenofocus border="20">button_action_menu_source.png</texturenofocus>
			<texturefocus border="20">button_action_menu_source_on.png</texturefocus>
			<textureclick border="20">button_action_menu_source_click.png</textureclick>
			<onclick>Dialog.Close(14002)</onclick>
		</control>

	</controls>
</window>