<?xml version="1.0"?>
<window type="window" id="14000">
    <defaultcontrol always="true">2500</defaultcontrol>
    <allowoverlay>true</allowoverlay>
	<onload lang="python"><![CDATA[
import mc, vrtplayer

def inits():
	vrtplayer.addStationGroupsToBoxee()

inits()
]]></onload>
    <controls>
        <include>Common_Background</include>
        <include>Bottom_Feather</include>
        <include>Common_Status</include>

		<control type="group" id="1000">
			<description>Header</description>
			<posx>0</posx>
			<posy>0</posy>
			<width>720</width>
			<height>250</height>
			<onup>-</onup>
			<ondown>-</ondown>
			<onleft>-</onleft>
			<onright>-</onright>

			<control type="image" id="1100">
				<description>VRT Logo</description>
				<posx>20</posx>
				<posy>50</posy>
				<width>89</width>
				<height>47</height>
				<texture border="5" flipY="true" flipX="false">logo.png</texture>
				<aspectratio>keep</aspectratio>
			</control>

			<control type="label" id="1200">
				<description>VRT Internet Radio</description>
				<posx>150</posx>
				<posy>20</posy>
				<width>500</width>
				<height>40</height>
				<textcolor_>990066CC</textcolor_>
				<shadowcolor_>00FFFFFF</shadowcolor_>
				<font>font40b</font>
				<aligny>top</aligny>
				<label>VRT Internetradio</label>
			</control>

			<control type="label" id="1300">
				<description>App description</description>
				<posx>150</posx>
				<posy>100</posy>
				<width>700</width>
				<height>100</height>
				<font>font10b</font>
				<label>Speel radiozenders van de Vlaamse openbare omroep VRT af via Boxee.</label>
			</control>
		</control>

		


		<control type="panel" id="2500">
			<description>Station Groups</description>
			<posx>10</posx>
			<posy>180</posy>
			<width>1400</width>
			<height>450</height>
			<visible>true</visible>
			<onup>8000</onup>
			<ondown>-</ondown>
			<onleft>-</onleft>
			<onright>-</onright>
			<pagecontrol>25</pagecontrol>
			<scrolltime>200</scrolltime>
			<include>contentpanelslide</include>

			<itemlayout width="300" height="240">
				<control type="image">
					<posx>60</posx>
					<posy>20</posy>
					<width>180</width>
					<height>180</height>
					<info>ListItem.Icon</info>
				</control>
			</itemlayout>

			<focusedlayout width="300" height="360">
				<control type="image">
					<posx>20</posx>
					<posy>10</posy>
					<width>260</width>
					<height>360</height>
					<aspectratio>stretch</aspectratio>
					<texture>boxeebg.png</texture>
				</control>

				<control type="image">
					<posx>60</posx>
					<posy>20</posy>
					<width>180</width>
					<height>180</height>
					<info>ListItem.Icon</info>
				</control>

				<control type="label">
					<posx>40</posx>
					<posy>210</posy>
					<width>180</width>
					<height>30</height>
					<font>font24b</font>
					<aligny>top</aligny>
					<align>left</align>
					<info>ListItem.Label</info>
				</control>

				<control type="textbox">
					<posx>40</posx>
					<posy>250</posy>
					<width>180</width>
					<height>100</height>
					<font>font10</font>
					<aligny>top</aligny>
					<align>left</align>
					<label>$INFO[ListItem.property(description)]</label>
					<autoscroll delay="2000" time="1500" repeat="4000">Control(2500).HasFocus()</autoscroll>
				</control>

			</focusedlayout>
			<content type="action">
				<onclick>ActivateWindow(14001)</onclick>
			</content>
		</control>


		<control type="group" id="8000">
			<description>Action buttons</description>
			<posx>780</posx>
			<posy>20</posy>
			<width>300</width>
			<height>150</height>
			<onup>-</onup>
			<ondown>2500</ondown>
			<onleft>-</onleft>
			<onright>-</onright>



			<control type="button" id="8100">
				<posx>0</posx>
				<posy>0</posy>
				<width>200</width>
				<height>54</height>
				<onleft>-</onleft>
				<onright>-</onright>
				<onup>-</onup>
				<ondown>8200</ondown>
				<font>font20b</font>
				<align>center</align>
				<aligny>center</aligny>
				<label>Options</label>
				<textcolor>grey</textcolor>
				<focusedcolor>white</focusedcolor>
				<aspectratio>stretch</aspectratio>
				<texturenofocus border="20">button_action_menu_source.png</texturenofocus>
				<texturefocus border="20">button_action_menu_source_on.png</texturefocus>
				<textureclick border="20">button_action_menu_source_click.png</textureclick>
				<onclick>ActivateWindow(14003)</onclick>
			</control>

			<control type="button" id="8200">
				<posx>0</posx>
				<posy>50</posy>
				<width>200</width>
				<height>54</height>
				<onleft>-</onleft>
				<onright>-</onright>
				<onup>8100</onup>
				<ondown>2500</ondown>
				<font>font20b</font>
				<align>center</align>
				<aligny>center</aligny>
				<label>About</label>
				<textcolor>grey</textcolor>
				<focusedcolor>white</focusedcolor>
				<aspectratio>stretch</aspectratio>
				<texturenofocus border="20">button_action_menu_source.png</texturenofocus>
				<texturefocus border="20">button_action_menu_source_on.png</texturefocus>
				<textureclick border="20">button_action_menu_source_click.png</textureclick>
				<onclick>ActivateWindow(14002)</onclick>
			</control>
		</control>
    </controls>
</window>